source	source_term	location	targets	scored_forms	audit_only_forms	note
wikipedia	Abbie, Abe, Abie	United States, Canada	Jewish men			personal names (Abe, Abbie); not matched
wikipedia	ABCD	South Asians in the US	American-Born Confused Desi, Indian Americans or other South Asian Americans, (desi) who were born in the United States.		abcd	abbreviation
wikipedia	African (or Afro or colored) engineering or nigger rigging	United States	African Americans	nigger rigging, nigger rigged, nigger-rigged, nigger-rigging	african engineering	'African engineering' is also literal
wikipedia	Ali Baba	United States	Iraqi people		ali baba	folk-tale character
wikipedia	Alligator bait, 'gator bait	United States (chiefly southern U.S.)	Black people, especially black children		alligator bait, gator bait	Florida sports slogan; literal bait
wikipedia	Ann	United States, Canada	White women, "white-acting" black women			personal name; not matched
wikipedia	Ape	United States	Black people			ordinary word; not matched
wikipedia	Apple	United States, Canada	Native Americans			ordinary word; not matched
wikipedia	Armo	United States	Armenian / Armenian American		armo, armos	brand and surname
wikipedia	Aunt Jemima / Aunt Jane / Aunt Mary / Aunt Sally	United States	Black women		aunt jemima	brand name; Aunt Jane/Mary/Sally are ordinary names
wikipedia	bananaBanana	United States, Canada	East or Southeast Asian people			ordinary word; not matched
wikipedia	Beaner / Beaney	United States	Hispanic or Latino people, especially Mexicans	beaner, beaners	beaney, beaneys	'beaney' is a hat spelling
wikipedia	Black Buck, black brute, brown buck or brown brute	United States	Black men		black buck, black brute, brown buck, brown brute	blackbuck antelope; literal descriptions
wikipedia	Bluegum	United States	African Americans		bluegum, bluegums	eucalyptus tree
wikipedia	[[Boche (slur)	France; United States; United Kingdom	German people	boche, boches		
wikipedia	Bog / Bogtrotter / Bog-trotter	United Kingdom, Ireland, United States	Irish people	bogtrotter, bogtrotters, bog-trotter, bog-trotters		'bog' is an ordinary word; not matched
wikipedia	Bohunk	United States, Canada	Bohemian people	bohunk, bohunks		
wikipedia	Bootlip	United States	African American people	bootlip, bootlips		
wikipedia	Brillo Pad	United States	Black People		brillo pad	product name
wikipedia	Brownie	United States, New Zealand, and Australia	Brown-skinned people, an Asian			ordinary word; not matched
wikipedia	Buckwheat	United States	Black people			crop name; not matched
wikipedia	Buddhahead	United States	Asian people	buddhahead, buddhaheads		
wikipedia	Buckra, Bakra	United States, West Indies	White people from Sub-Saharan African languages	buckra, buckras	bakra	'bakra' is also a Hindi/Urdu word
wikipedia	Burrhead / Burr-head / Burr head	United States	Black people	burrhead, burrheads, burr-head, burr-heads	burr head	spaced form is literal
wikipedia	Charlie	United States	White Americans			personal name; not matched
wikipedia	Charlie	United States	Vietnamese people			personal name; not matched
wikipedia	China Swede	United States	Finns	china swede, china swedes		
wikipedia	Cheese-eating surrender monkeys	United States	French people	cheese-eating surrender monkey, cheese-eating surrender monkeys		
wikipedia	Chinaman	United States, Canada	Chinese people	chinaman, chinamen		
wikipedia	Ching chong	China, United States, Canada, United Kingdom, Ireland, Australia, New Zealand, Philippines	Chinese people	ching chong		
wikipedia	Chink	China, United States, Canada, United Kingdom, Ireland, New Zealand, Australia, Philippines	East and South East Asians		chink, chinks	'chink in the armor'; gaps
wikipedia	Chinky / Chinky Chonky	China, United States, Canada, United Kingdom, Ireland, New Zealand, Australia, Philippines	East and South East Asians	chinky, chinkies		
wikipedia	Cholo	Latin America, Southwestern United States	Indigenous or Mestizo people		cholo, cholos	Spanish usage varies
wikipedia	Coconut	United States, United Kingdom, New Zealand, Australia	Hispanics/Latinos, South/Southeast Asians			ordinary word; not matched
wikipedia	Coconut	United States, United Kingdom, New Zealand, Australia	South Asians			ordinary word; not matched
wikipedia	Coconut	United States, United Kingdom, New Zealand, Australia	Pacific Islander			ordinary word; not matched
wikipedia	Coolie	United States, Canada	Asian people, usually Chinese, and Indo-Caribbean people	coolie, coolies		
wikipedia	Coon, cooney	United States, Commonwealth	Black people		coon, coons, cooney	raccoon; surnames
wikipedia	Coonass, Coon-ass	United States	Cajun people	coonass, coonasses, coon-ass, coon-asses		
wikipedia	Cotton picker	United States	Individuals of African descent, including African-Americans and Cape Coloureds or Coloureds		cotton picker, cotton pickers, cotton-picker, cotton-pickers, cotton-picking	agricultural machinery and labor
wikipedia	Cracker	United States	White people, especially poor Appalachian and Southern people			ordinary word; not matched
wikipedia	Crow	United States	Black people			ordinary word; not matched
wikipedia	Curry-muncher	Australia, Africa, New Zealand, United States, Canada	South Asian People	curry-muncher, curry-munchers, curry muncher, curry munchers		
wikipedia	Dago, Dego	United States, Commonwealth	Italians, Spaniards, Greeks, Portuguese or Maltese people; in the United States, primarily used for Italians and people of Italian descent	dago, dagos, dagoes, dego, degos		
wikipedia	Darky / Darkey / Darkie	Worldwide	Black people	darky, darkey, darkie, darkies, darkeys		
wikipedia	DEI / DEI hire / Diversity hire	United States	Women and people of color (especially Black people)			policy term; not matched
wikipedia	Dink	United States	Southeast Asian, particularly Vietnamese people.		dink, dinks	ordinary slang and surname
wikipedia	Dothead, Dot	United States	Hindu women	dothead, dotheads, dot-head, dot-heads		'dot' is an ordinary word; not matched
wikipedia	Dune coon	United States	Arabian people	dune coon, dune coons		
wikipedia	Eyetie	United States, United Kingdom	Italian people	eyetie, eyeties		
wikipedia	Fresh off the boat, off the boat		Asian Americans or immigrants in general		fresh off the boat	television title; literal arrival
wikipedia	Flip	United States	Filipino people			ordinary word; not matched
wikipedia	Frog, Froggy, Frogeater, Froschfresser	Australia, Canada, United Kingdom, United States, Germany	Dutch people (formerly)French and French Canadian people (currently)	frogeater, frogeaters, frog-eater, frog-eaters		'frog'/'froggy' are ordinary words; not matched
wikipedia	Golliwog	United States, Australia, United Kingdom, New Zealand	Darkskinned people, especially African-Caribbeans	golliwog, golliwogs, golliwogg, golliwoggs		
wikipedia	Gook, Gook-eye, Gooky	United States	East and Southeast Asians, but particularly Koreans	gook, gooks, gooky, gook-eye, gook-eyed		
wikipedia	Goombah	United States	Italian people, Italian-Americans		goombah, goombahs	also means a friend or mentor
wikipedia	Greaseball, Greaser	United States	Mediterranean / Southern European and Hispanic people, and especially Italian people.	greaseball, greaseballs	greaser, greasers	'greaser' also means a mechanic
wikipedia	Greenhorn	United States, New England region, especially Massachusetts.	Portuguese people			ordinary word; not matched
wikipedia	Groid	United States	Black people	groid, groids		
wikipedia	Guido, Guidette	United States	Italian Americans		guido, guidos, guidette, guidettes	personal name
wikipedia	Guinea, Ginzo		Italian people	ginzo, ginzos		'Guinea' is a country; not matched
wikipedia	Hajji, Hadji, Haji	United States Military	Iraqi people		hajji, hajjis, hadji, haji	honorific for pilgrims; personal names
wikipedia	Half-breed	Worldwide	Multi-ethnic people		half-breed, half-breeds, halfbreed, halfbreeds, half breed, half breeds	19th-century legal category and Republican 'Half-Breeds' faction
wikipedia	Haole	United States, Hawaiian	Non-Hawaiian people, almost always white people.		haole, haoles	common, often neutral Hawaiian usage
wikipedia	Heeb, Hebe	United States	Jewish people	heeb, heebs	hebe, hebes	Greek goddess; plant genus
wikipedia	Hike	United States	Italian immigrants			ordinary word; not matched
wikipedia	Hillbilly	United States	Appalachian or Ozark Americans		hillbilly, hillbillies	common self-description and book titles
wikipedia	Honky, honkey, honkie	United States	White people	honky, honkey, honkie, honkies, honkeys		
wikipedia	Hun	United States, United Kingdom	German people		hun, huns	historical people
wikipedia	Hunky, Hunk	United States	Central European laborers		hunky, hunkies	ordinary slang; 'hunk' not matched
wikipedia	Hymie	United States	Jewish people	hymie, hymies, hymietown		
wikipedia	Indian Giver	United States	Native Americans	indian giver, indian givers, indian giving		
wikipedia	Injun	United States	Native Americans	injun, injuns		
wikipedia	Jap	United States	Japanese people	jap, japs		
wikipedia	Jap	United States	Jewish women			same surface form as previous row
wikipedia	Jeet	Worldwide	South Asians (especially Indians), particularly Hindus and Sikhs		jeet	personal name
wikipedia	Jewboy	United States, United Kingdom	Jewish boys	jewboy, jewboys, jew-boy, jew-boys		
wikipedia	Jiggaboo, jiggerboo, niggerboo, jiggabo, jigarooni, jijjiboo, zigabo, jig, jigg, jigger	United States	Black people with stereotypical black features (e.g., dark skin, wide nose, and big lips).	jiggaboo, jiggaboos, jigaboo, jigaboos, jiggerboo, niggerboo, jiggabo, jigarooni, jijjiboo, zigabo, zigaboo		'jig'/'jigg'/'jigger' are ordinary words; not matched
wikipedia	Jim Crow	United States	Black people		jim crow	overwhelmingly refers to segregation laws
wikipedia	Jungle bunny	United States, Commonwealth	Black people	jungle bunny, jungle bunnies		
wikipedia	Kemosabe / Kemosahbee	United States	Native Americans		kemosabe, kemosahbee	fictional catchphrase
wikipedia	Kike	United States	Jews	kike, kikes		
wikipedia	Kraut	United States, Canada, Commonwealth	German people	kraut, krauts		
wikipedia	Limey	United States	British people	limey, limeys		
wikipedia	Mau-Mau	United States	Black people		mau-mau, mau mau	Kenyan uprising
wikipedia	Mayonnaise Monkey	United States	White people	mayonnaise monkey, mayonnaise monkeys		
wikipedia	Moon Cricket	United States	Black people	moon cricket, moon crickets		
wikipedia	Mulignan / Mulignon / Moolinyan	United States	Black people	mulignan, mulignans, mulignon, moolinyan, moolinyans		
wikipedia	Nigger / neeger (Estonian) / neekeri (Finnish) / niger / nig / nigor / nigra / nigre (Caribbean) / nigar / niggur / nigga / niggah / niggar / nigguh / niggress / nigette / negro / neger	International/Worldwide	Black people, especially African-Americans	nigger, niggers, nigga, niggas, niggaz, niggah, niggahs, nigguh, niggar, niggur, nigor, nigre, niggress, nigette, nigra, nigras	negro, negroes, nigar, nig, niger	'Negro' was the standard historical term; Niger is a country; names
wikipedia	Nip	United States, Australia, New Zealand, United Kingdom	Japanese people		nip, nips	ordinary word
wikipedia	Ofay	African American Vernacular	White people	ofay, ofays		
wikipedia	Oreo	United States	Black people			product name; not matched
wikipedia	Pajeet	Worldwide	South Asians (especially Indians), particularly Hindus and Sikhs	pajeet, pajeets		
wikipedia	Paleface	Native Americans	White people	paleface, palefaces		
wikipedia	Papoose	United States, Canada	Native American children		papoose, papooses	also a neutral loanword for an infant
wikipedia	Peckerwood	Southern African American people and Upper-class White people	Poor, rural White people	peckerwood, peckerwoods		
wikipedia	Pickaninny		African American or West Indies child	pickaninny, pickaninnies, piccaninny, piccaninnies		
wikipedia	Pocho / Pocha	Southwest United States, Mexico			pocho, pochos, pocha, pochas	Spanish usage varies
wikipedia	Pocahontas	United States	Native Americans		pocahontas	historical figure
wikipedia	Portagee	United States	Portuguese people and Portuguese Americans	portagee, portagees, portugee, portugees		
wikipedia	Prairie nigger		Native American	prairie nigger, prairie niggers		
wikipedia	Raghead	Worldwide	Arabs, Indian Sikhs, etc.	raghead, ragheads, rag-head, rag-heads		
wikipedia	Rastus	United States	African Americans	rastus		
wikipedia	Redneck	United States	White Americans		redneck, rednecks	common self-description
wikipedia	Redskin	United States	Native Americans		redskin, redskins	Washington football team-name debates
wikipedia	Russki, ruski (Polish), Ryssä (Finnish)	United States,Europe	Russians	russki, russkies, ruski, ruskies		
wikipedia	Sambo	United States	African Americans or black people in general	sambo, sambos		
wikipedia	Sand nigger, Sandnigger	United States	Arabs or Muslims in general	sand nigger, sand niggers, sandnigger, sandniggers		
wikipedia	Scandihoovian		Scandinavian people living in the United States	scandihoovian, scandihoovians		
wikipedia	Sheboon	United States	Black women	sheboon, sheboons		
wikipedia	Sheeny / Sheenie	United States	Jewish people	sheeny, sheenies, sheenie		
wikipedia	Shine	United States	Black people			ordinary word; not matched
wikipedia	Shitskin / Shitlip	North America, United Kingdom	Muslims, Black people	shitskin, shitskins, shitlip, shitlips		
wikipedia	Skinnie		Somalis		skinnie, skinnies	ordinary slang
wikipedia	Slope, slopehead, slopy, slopey, sloper	Australia, United Kingdom, and United States	Asian people (especially Vietnamese in Australia; especially Chinese in America)	slopehead, slopeheads	slopy, slopey, sloper	'slope' and variants are ordinary words
wikipedia	Snowflake	United States	White people			ordinary word; not matched
wikipedia	Smoked Irish / Smoked Irishman	United States	Black people	smoked irish, smoked irishman, smoked irishmen		
wikipedia	Sooty	United States	Black people		sooty	ordinary word
wikipedia	Spearchucker		African Americans or people of African descent in general	spearchucker, spearchuckers, spear chucker, spear chuckers, spear-chucker, spear-chuckers		
wikipedia	Spic, spick, spik, spig, or spigotty	United States	Hispanic people	spic, spics, spigotty	spick, spicks, spik, spig	'spick and span'; abbreviations
wikipedia	Squaw	United States and Canada	Native American women		squaw, squaws	place names under renaming debates
wikipedia	Tar-Baby	United States	Black children		tar-baby, tar baby, tar babies	frequently used as a metaphor for an inescapable problem
wikipedia	Terrorist	United States	Arabs (and Muslims in general)			ordinary word; not matched
wikipedia	Timber nigger		Native Americans	timber nigger, timber niggers		
wikipedia	Toad	United States	Black people			ordinary word; not matched
wikipedia	Tonk	United States	Hispanic and Latino people		tonk, tonks	ordinary slang
wikipedia	Tonto	United States	Native Americans		tonto	fictional character
wikipedia	Towel head		Turban wearers	towelhead, towelheads, towel head, towel heads, towel-head, towel-heads		
wikipedia	Twinkie:	United States	European Americans, Asian Americans			product name; not matched
wikipedia	Uncle Tom	United States	Black people		uncle tom, uncle toms	Uncle Tom's Cabin
wikipedia	Wagon burner		Native American people	wagon burner, wagon burners		
wikipedia	Wetback	United States	Undocumented immigrants (of mostly Hispanic descent)	wetback, wetbacks		
wikipedia	White ape, White chimpanzee	Britain, United States	Irish people	white chimpanzee, white chimpanzees	white ape, white apes	literal animals
wikipedia	White nigger, Nigger wop	United States	Southern Italians	white nigger, white niggers, nigger wop, nigger wops		
wikipedia	White-skinned other	United Kingdom, United States	Red-haired people			descriptive phrase; not matched
wikipedia	White trash	United States	Poor white people	white trash		
wikipedia	Wigger / Whigger / Wigga / Whigga (meaning white nigger)	United States	Irish people White people	wigger, wiggers, whigger, whiggers, wigga, wiggas, whigga, whiggas		
wikipedia	Wop	United States, Canada, United Kingdom	Italian people	wop, wops		
wikipedia	Yellow bone / High yellow	United States	A light-skin black person Equivalent of yellow (above).		high yellow, yellow bone, yellowbone	literal color descriptions
wikipedia	Zip / Zipperhead	United States	Asian people	zipperhead, zipperheads		'zip' is an ordinary word; not matched
kaggle	nigger			niglet, niglets, nignog, nignogs, nig-nog, nig-nogs, niggerz, nigguhs, niggahz	nigah, niga, nigs	'nigah'/'niga'/'nigs' are also names and abbreviations
kaggle	kike			kyke, kykes		
kaggle	jiggaboo			jiggabu, jiggyboo, jigro, jiggerboos, jiggabooboo	jigga, jiggas	'Jigga' is a performer's nickname
kaggle	coon				coonie, coonies	see coon
kaggle	slant eye			slanteye, slanteyes, slant-eye, slant-eyes, slant eye, slant eyes, slant-eyed, slanty		
kaggle	porch monkey			porch monkey, porch monkeys		
kaggle	camel jockey			camel jockey, camel jockeys		
kaggle	oven dodger			oven dodger, oven dodgers		
kaggle	tacohead			tacohead, tacoheads		
kaggle	chingchong			chingchong		
kaggle	monkey			rice monkey, rice monkeys		
kaggle	wop			wophead, wopheads		
kaggle	wetback				wet back, wet backs	literal description
kaggle	spook				spook, spooks	also means a spy
kaggle	shylock				shylock, shylocks	Shakespeare character; also used for loan sharks
kaggle	mongoloid				mongoloid, mongoloids	historical anthropological and medical term
kaggle	blacky				blacky	surname and pet name
kaggle	pancake face				pancake face	literal description
kaggle	abeed				abeed	Arabic word; usage outside the United States
kaggle	paki				paki, pakis	chiefly British usage
wikipedia	Faggot		gay men	faggot, faggots, faggy, faggoty	fagot, fagots	'fagot' is also an archaic spelling of a bundle of sticks; 'faggot(s) of' and 'faggot vote(s)' contexts are excluded
wikipedia	Fag (slang)		gay men	fag, fags, fag hag, fag hags		'fag end' is excluded
wikipedia	Dyke (slang)		lesbians	bulldyke, bulldykes, bull dyke, bull dykes, bulldagger, bulldaggers, diesel dyke, diesel dykes	dyke, dykes	bare 'dyke' is also a levee/embankment and a surname (Van Dyke)
wikipedia	Lesbo		lesbians	lesbo, lezbo, lezbos, lezzie, lezzies, lezzy	lesbos	'Lesbos' is also the Greek island
wikipedia	Poofter	Australia, UK, US	gay men	poofter, poofters	poof, poofs	'poof' is also an interjection
wikipedia	Poof	UK, Australia	gay men		poof, poofs	interjection homograph
wikipedia	Batty boy	Jamaica, US	gay men	batty boy, batty boys, battyboy, battyboys, batty man		
wikipedia	Fudgepacker		gay men	fudgepacker, fudgepackers, fudge packer, fudge packers		
wikipedia	Fairy (gay slang)		gay men		fairy, fairies	ordinary word
wikipedia	Fruit (slang)		gay men		fruit, fruits	ordinary word
wikipedia	Queer (pejorative)		LGBTQ people		queer, queers	reclaimed self-description (LGBTQ) and archaic 'strange'
wikipedia	Sissy		effeminate men		sissy, sissies	general insult, not specific to orientation
wikipedia	Gay (pejorative)					ordinary self-description; not matched
wikipedia	Tranny		transgender people	tranny, trannies, trannys		
wikipedia	Shemale		transgender women	shemale, shemales, she-male, she-males		
wikipedia	Homintern		gay men			historical conspiracy term, not a slur for a person; not matched
wikipedia	Adam and Steve		same-sex couples		adam and steve	slogan rather than a slur for a person
wikipedia	Moffie (slang)	South Africa	gay men			usage outside the United States; not matched
wikipedia	Puto and puta	Spanish				Spanish words; not matched
wikipedia	Queen (slang)		gay men			ordinary word; not matched
wikipedia	Cocksucker					already counted as strong profanity
wikipedia	Chelsea rent boy, Sea queen, Gayrope, Chicken, Chickenhawk, Troll, Down-low, Khanith, Cuntboy					not slurs for a person in US usage, or ordinary words; not matched
kaggle	homo, homos		gay men	homo, homos		Latin 'homo sapiens'-type phrases, 'ecce homo', and line-break fragments ('homo- geneous') are excluded
kaggle	carpetmunchers		lesbians	carpet muncher, carpet munchers, carpetmuncher, carpetmunchers		
kaggle	butt pirate		gay men	butt pirate, butt pirates		
kaggle	pillow-biter		gay men	pillow biter, pillow biters, pillow-biter, pillow-biters		
kaggle	ladyboy		transgender women	ladyboy, ladyboys, lady-boy, lady-boys		
kaggle	gaytard		gay people	gaytard, gaytards		
kaggle	gaylord		gay men		gaylord, gaylords	personal name (Senator Gaylord Nelson)
kaggle	flamer, flamers		gay men		flamer, flamers	also a flamethrower
kaggle	bender		gay men		bender, benders	ordinary word
kaggle	bitch, whore, slut, skank, twat and similar		women			gendered insults already counted as profanity; not slurs for orientation or gender identity
manual	nancy boy	UK, US	gay men	nancy boy, nancy boys		common US/UK form absent from both sources
manual	he-she	US	transgender people	he-she, he-shes		common US form absent from both sources
manual	sodomite		gay men		sodomite, sodomites	also a biblical and legal term
wikipedia	Retard/Retarded		people with intellectual disabilities	retard, retards, retardo, retardos	retarded	'retard' is also a verb (retard the growth); verb contexts and line-break fragments are excluded. 'retarded' was the clinical and statutory term until 2010 (Rosa's Law), so it is audit-only
wikipedia	Tard		people with intellectual disabilities		tard, tards	common line-break fragment of 're- tard' in the printed Record
kaggle	libtard		people with intellectual disabilities (political compound)	libtard, libtards		compound of 'retard'; 'fucktard' is already counted as strong profanity
wikipedia	Spastic/Spaz	UK, Ireland, US	people with cerebral palsy	spaz, spazz, spazzes, spazzy, spazzing	spastic, spastics	'spastic' is also a clinical term (spastic paralysis)
wikipedia	Window licker		people with intellectual disabilities	window licker, window lickers		
wikipedia	Gimp or gimpy		people with physical disabilities	gimp, gimps, gimpy		
wikipedia	Flid	UK	people with phocomelia	flid, flids		
wikipedia	Schizo		people with schizophrenia	schizo, schizos		
wikipedia	Mong, Mongol, Mongoloid, or Mongolism		people with Down syndrome		mong, mongs, mongol, mongols, mongoloid, mongoloids, mongolism	also ethnic and historical anthropological terms (Mongol, Mongoloid race)
wikipedia	Cripple		people with physical disabilities		cripple, cripples, crip, crips	'cripple' is a common verb; 'Crips' is a gang name
wikipedia	Midget		people with dwarfism		midget, midgets	also an ordinary size label (midget submarine)
wikipedia	Downie		people with Down syndrome		downie, downies	surname
wikipedia	Idiot, Imbecile, Moron, Cretin, Feeble-minded, Lunatic, Psycho, Dotard					former clinical labels now used as general insults; not slurs for a group and would dominate the measure; not matched
wikipedia	Other entries (blind, dumb, crazy, handicapped, invalid, lame, special, …)					ordinary or descriptive words with negative connotations, not slurs; not matched
